id_user,location,age,last_watched_at,genre_film,season
alexdefeche,"Neupre, Wallonia",28.0,2023-09-14 12:56:25+00:00,science-fiction,Autumn
alexdefeche,"Neupre, Wallonia",28.0,2023-09-14 12:55:11+00:00,animation,Autumn
alexdefeche,"Neupre, Wallonia",28.0,2023-09-18 14:32:43+00:00,drama,Autumn
alexdefeche,"Neupre, Wallonia",28.0,2023-09-14 10:51:32+00:00,adventure,Autumn
alexdefeche,"Neupre, Wallonia",28.0,2023-09-14 12:42:07+00:00,adventure,Autumn
alexdefeche,"Neupre, Wallonia",28.0,2023-09-14 12:50:54+00:00,adventure,Autumn
alexdefeche,"Neupre, Wallonia",28.0,2023-09-14 12:49:10+00:00,adventure,Autumn
alexdefeche,"Neupre, Wallonia",28.0,2023-09-14 12:50:57+00:00,adventure,Autumn
alexdefeche,"Neupre, Wallonia",28.0,2023-09-14 12:37:31+00:00,drama,Autumn
alexdefeche,"Neupre, Wallonia",28.0,2023-09-18 15:11:11+00:00,comedy,Autumn
alexdefeche,"Neupre, Wallonia",28.0,2023-09-14 13:42:24+00:00,family,Autumn
alexdefeche,"Neupre, Wallonia",28.0,2023-09-14 07:45:59+00:00,adventure,Autumn
alexdefeche,"Neupre, Wallonia",28.0,2023-09-14 12:53:33+00:00,adventure,Autumn
alexdefeche,"Neupre, Wallonia",28.0,2023-09-14 12:41:11+00:00,adventure,Autumn
alexdefeche,"Neupre, Wallonia",28.0,2023-09-14 10:53:12+00:00,adventure,Autumn
alexdefeche,"Neupre, Wallonia",28.0,2023-09-14 12:42:20+00:00,family,Autumn
alexdefeche,"Neupre, Wallonia",28.0,2023-09-14 13:39:24+00:00,drama,Autumn
alexdefeche,"Neupre, Wallonia",28.0,2023-09-14 13:53:55+00:00,drama,Autumn
alexdefeche,"Neupre, Wallonia",28.0,2023-09-18 15:38:52+00:00,drama,Autumn
alexdefeche,"Neupre, Wallonia",28.0,2023-09-14 13:30:09+00:00,science-fiction,Autumn
alexdefeche,"Neupre, Wallonia",28.0,2023-09-14 13:39:05+00:00,drama,Autumn
alexdefeche,"Neupre, Wallonia",28.0,2023-09-14 07:48:44+00:00,adventure,Autumn
alexdefeche,"Neupre, Wallonia",28.0,2023-09-18 15:29:38+00:00,drama,Autumn
alexdefeche,"Neupre, Wallonia",28.0,2023-09-18 15:07:03+00:00,drama,Autumn
alexdefeche,"Neupre, Wallonia",28.0,2023-09-14 13:34:08+00:00,drama,Autumn
alexdefeche,"Neupre, Wallonia",28.0,2023-09-14 07:47:35+00:00,adventure,Autumn
alexdefeche,"Neupre, Wallonia",28.0,2023-09-14 07:49:41+00:00,drama,Autumn
alexdefeche,"Neupre, Wallonia",28.0,2023-09-14 13:39:52+00:00,comedy,Autumn
alexdefeche,"Neupre, Wallonia",28.0,2023-09-14 10:51:30+00:00,science-fiction,Autumn
alexdefeche,"Neupre, Wallonia",28.0,2023-09-14 12:50:38+00:00,science-fiction,Autumn
alexdefeche,"Neupre, Wallonia",28.0,2023-09-14 07:48:57+00:00,science-fiction,Autumn
alexdefeche,"Neupre, Wallonia",28.0,2023-09-18 15:25:49+00:00,drama,Autumn
alexdefeche,"Neupre, Wallonia",28.0,2023-09-18 15:12:39+00:00,drama,Autumn
alexdefeche,"Neupre, Wallonia",28.0,2023-09-14 12:49:16+00:00,animation,Autumn
alexdefeche,"Neupre, Wallonia",28.0,2023-09-14 12:49:13+00:00,science-fiction,Autumn
alexdefeche,"Neupre, Wallonia",28.0,2023-09-14 12:43:24+00:00,drama,Autumn
alexdefeche,"Neupre, Wallonia",28.0,2023-09-14 07:47:39+00:00,drama,Autumn
alexdefeche,"Neupre, Wallonia",28.0,2023-09-14 07:47:55+00:00,animation,Autumn
alexdefeche,"Neupre, Wallonia",28.0,2023-09-14 12:49:20+00:00,family,Autumn
alexdefeche,"Neupre, Wallonia",28.0,2023-09-18 15:25:35+00:00,science-fiction,Autumn
alexdefeche,"Neupre, Wallonia",28.0,2023-09-14 13:56:14+00:00,drama,Autumn
alexdefeche,"Neupre, Wallonia",28.0,2023-09-18 15:31:00+00:00,drama,Autumn
alexdefeche,"Neupre, Wallonia",28.0,2023-09-18 14:54:23+00:00,drama,Autumn
alexdefeche,"Neupre, Wallonia",28.0,2023-09-14 12:57:05+00:00,comedy,Autumn
alexdefeche,"Neupre, Wallonia",28.0,2023-09-18 15:37:01+00:00,adventure,Autumn
alexdefeche,"Neupre, Wallonia",28.0,2023-09-14 12:55:08+00:00,animation,Autumn
alexdefeche,"Neupre, Wallonia",28.0,2023-09-18 15:44:38+00:00,drama,Autumn
alexdefeche,"Neupre, Wallonia",28.0,2023-09-14 10:51:46+00:00,drama,Autumn
alexdefeche,"Neupre, Wallonia",28.0,2023-09-18 14:57:59+00:00,science-fiction,Autumn
alexdefeche,"Neupre, Wallonia",28.0,2023-09-18 14:58:03+00:00,science-fiction,Autumn
alexdefeche,"Neupre, Wallonia",28.0,2023-09-18 15:22:55+00:00,drama,Autumn
alexdefeche,"Neupre, Wallonia",28.0,2023-09-18 14:36:58+00:00,comedy,Autumn
alexdefeche,"Neupre, Wallonia",28.0,2023-09-14 10:53:22+00:00,drama,Autumn
alexdefeche,"Neupre, Wallonia",28.0,2023-09-14 10:52:01+00:00,drama,Autumn
alexdefeche,"Neupre, Wallonia",28.0,2023-09-18 15:47:34+00:00,adventure,Autumn
alexdefeche,"Neupre, Wallonia",28.0,2023-09-14 07:46:50+00:00,adventure,Autumn
alexdefeche,"Neupre, Wallonia",28.0,2023-09-14 12:49:04+00:00,adventure,Autumn
alexdefeche,"Neupre, Wallonia",28.0,2023-09-14 07:45:35+00:00,adventure,Autumn
alexdefeche,"Neupre, Wallonia",28.0,2023-09-14 12:41:28+00:00,adventure,Autumn
alexdefeche,"Neupre, Wallonia",28.0,2023-09-14 12:41:30+00:00,adventure,Autumn
alexdefeche,"Neupre, Wallonia",28.0,2023-09-18 14:57:32+00:00,comedy,Autumn
alexdefeche,"Neupre, Wallonia",28.0,2023-09-18 14:33:11+00:00,drama,Autumn
alexdefeche,"Neupre, Wallonia",28.0,2023-09-18 15:46:27+00:00,comedy,Autumn
alexdefeche,"Neupre, Wallonia",28.0,2023-09-14 07:47:07+00:00,adventure,Autumn
alexdefeche,"Neupre, Wallonia",28.0,2023-09-18 14:41:08+00:00,family,Autumn
alexdefeche,"Neupre, Wallonia",28.0,2023-09-18 15:00:57+00:00,drama,Autumn
alexdefeche,"Neupre, Wallonia",28.0,2023-09-18 15:05:26+00:00,documentary,Autumn
alexdefeche,"Neupre, Wallonia",28.0,2023-09-18 15:16:34+00:00,thriller,Autumn
alexdefeche,"Neupre, Wallonia",28.0,2023-09-14 12:51:27+00:00,animation,Autumn
alexdefeche,"Neupre, Wallonia",28.0,2023-09-14 12:51:29+00:00,animation,Autumn
alexdefeche,"Neupre, Wallonia",28.0,2023-09-14 12:51:36+00:00,animation,Autumn
alexdefeche,"Neupre, Wallonia",28.0,2023-09-14 12:57:20+00:00,animation,Autumn
alexdefeche,"Neupre, Wallonia",28.0,2023-09-18 14:59:11+00:00,drama,Autumn
alexdefeche,"Neupre, Wallonia",28.0,2023-09-18 15:49:04+00:00,animation,Autumn
alexdefeche,"Neupre, Wallonia",28.0,2023-09-14 07:47:00+00:00,animation,Autumn
alexdefeche,"Neupre, Wallonia",28.0,2023-09-14 12:55:00+00:00,animation,Autumn
alexdefeche,"Neupre, Wallonia",28.0,2023-09-18 14:41:37+00:00,family,Autumn
alexdefeche,"Neupre, Wallonia",28.0,2023-09-18 15:30:16+00:00,comedy,Autumn
alexdefeche,"Neupre, Wallonia",28.0,2023-09-14 07:47:28+00:00,animation,Autumn
alexdefeche,"Neupre, Wallonia",28.0,2023-09-14 12:55:59+00:00,animation,Autumn
alexdefeche,"Neupre, Wallonia",28.0,2023-09-14 13:52:51+00:00,animation,Autumn
alexdefeche,"Neupre, Wallonia",28.0,2023-09-14 07:50:02+00:00,family,Autumn
alexdefeche,"Neupre, Wallonia",28.0,2023-09-14 07:53:16+00:00,adventure,Autumn
alexdefeche,"Neupre, Wallonia",28.0,2023-09-18 14:48:25+00:00,drama,Autumn
alexdefeche,"Neupre, Wallonia",28.0,2023-09-18 15:08:11+00:00,drama,Autumn
alexdefeche,"Neupre, Wallonia",28.0,2023-09-18 14:58:25+00:00,comedy,Autumn
alexdefeche,"Neupre, Wallonia",28.0,2024-05-04 15:49:07+00:00,thriller,Spring
alexdefeche,"Neupre, Wallonia",28.0,2023-09-14 12:38:50+00:00,comedy,Autumn
alexdefeche,"Neupre, Wallonia",28.0,2023-09-18 15:15:49+00:00,comedy,Autumn
alexdefeche,"Neupre, Wallonia",28.0,2023-09-18 15:05:39+00:00,family,Autumn
alexdefeche,"Neupre, Wallonia",28.0,2023-09-18 15:34:13+00:00,adventure,Autumn
alexdefeche,"Neupre, Wallonia",28.0,2023-09-18 15:32:43+00:00,science-fiction,Autumn
alexdefeche,"Neupre, Wallonia",28.0,2023-09-18 14:43:24+00:00,science-fiction,Autumn
alexdefeche,"Neupre, Wallonia",28.0,2023-09-18 15:37:05+00:00,adventure,Autumn
alexdefeche,"Neupre, Wallonia",28.0,2023-09-18 15:37:08+00:00,adventure,Autumn
alexdefeche,"Neupre, Wallonia",28.0,2023-09-14 13:40:28+00:00,science-fiction,Autumn
alexdefeche,"Neupre, Wallonia",28.0,2023-09-14 10:52:34+00:00,adventure,Autumn
alexdefeche,"Neupre, Wallonia",28.0,2023-09-18 14:56:10+00:00,drama,Autumn
alexdefeche,"Neupre, Wallonia",28.0,2023-09-14 12:56:27+00:00,science-fiction,Autumn
alexdefeche,"Neupre, Wallonia",28.0,2023-09-14 12:56:18+00:00,science-fiction,Autumn
alexdefeche,"Neupre, Wallonia",28.0,2023-09-14 12:37:25+00:00,science-fiction,Autumn
alexdefeche,"Neupre, Wallonia",28.0,2023-09-14 12:41:51+00:00,science-fiction,Autumn
alexdefeche,"Neupre, Wallonia",28.0,2023-09-14 12:37:22+00:00,science-fiction,Autumn
alexdefeche,"Neupre, Wallonia",28.0,2023-09-18 15:37:49+00:00,horror,Autumn
alexdefeche,"Neupre, Wallonia",28.0,2023-09-18 15:17:43+00:00,comedy,Autumn
alexdefeche,"Neupre, Wallonia",28.0,2023-09-14 07:53:28+00:00,thriller,Autumn
alexdefeche,"Neupre, Wallonia",28.0,2023-09-14 13:36:41+00:00,comedy,Autumn
alexdefeche,"Neupre, Wallonia",28.0,2023-09-14 12:51:54+00:00,science-fiction,Autumn
alexdefeche,"Neupre, Wallonia",28.0,2023-09-18 15:18:46+00:00,comedy,Autumn
alexdefeche,"Neupre, Wallonia",28.0,2023-09-14 12:52:35+00:00,thriller,Autumn
alexdefeche,"Neupre, Wallonia",28.0,2023-09-14 10:50:38+00:00,animation,Autumn
alexdefeche,"Neupre, Wallonia",28.0,2023-09-14 13:38:02+00:00,drama,Autumn
alexdefeche,"Neupre, Wallonia",28.0,2023-09-18 15:20:18+00:00,science-fiction,Autumn
alexdefeche,"Neupre, Wallonia",28.0,2023-09-14 12:53:19+00:00,family,Autumn
alexdefeche,"Neupre, Wallonia",28.0,2023-09-18 15:20:30+00:00,comedy,Autumn
alexdefeche,"Neupre, Wallonia",28.0,2023-09-18 15:22:38+00:00,drama,Autumn
alexdefeche,"Neupre, Wallonia",28.0,2023-09-14 13:38:52+00:00,drama,Autumn
alexdefeche,"Neupre, Wallonia",28.0,2023-09-14 10:53:48+00:00,horror,Autumn
alexdefeche,"Neupre, Wallonia",28.0,2023-09-14 13:33:07+00:00,family,Autumn
alexdefeche,"Neupre, Wallonia",28.0,2023-09-14 13:43:29+00:00,family,Autumn
alexdefeche,"Neupre, Wallonia",28.0,2023-09-14 13:32:40+00:00,comedy,Autumn
alexdefeche,"Neupre, Wallonia",28.0,2023-09-14 13:52:47+00:00,family,Autumn
alexdefeche,"Neupre, Wallonia",28.0,2023-09-18 15:27:51+00:00,horror,Autumn
alexdefeche,"Neupre, Wallonia",28.0,2023-09-14 13:29:12+00:00,thriller,Autumn
alexdefeche,"Neupre, Wallonia",28.0,2023-09-14 13:44:05+00:00,animation,Autumn
alexdefeche,"Neupre, Wallonia",28.0,2023-09-14 13:51:23+00:00,mystery,Autumn
alexdefeche,"Neupre, Wallonia",28.0,2023-09-14 07:53:04+00:00,documentary,Autumn
alexdefeche,"Neupre, Wallonia",28.0,2023-09-18 15:15:29+00:00,comedy,Autumn
alexdefeche,"Neupre, Wallonia",28.0,2023-09-18 14:52:40+00:00,comedy,Autumn
alexdefeche,"Neupre, Wallonia",28.0,2023-09-14 12:44:37+00:00,drama,Autumn
alexdefeche,"Neupre, Wallonia",28.0,2023-09-18 14:50:58+00:00,drama,Autumn
alexdefeche,"Neupre, Wallonia",28.0,2023-09-14 13:54:14+00:00,drama,Autumn
alexdefeche,"Neupre, Wallonia",28.0,2023-09-14 12:57:40+00:00,family,Autumn
alexdefeche,"Neupre, Wallonia",28.0,2023-09-18 15:17:08+00:00,drama,Autumn
alexdefeche,"Neupre, Wallonia",28.0,2023-09-14 07:48:22+00:00,adventure,Autumn
alexdefeche,"Neupre, Wallonia",28.0,2023-09-14 07:51:12+00:00,drama,Autumn
alexdefeche,"Neupre, Wallonia",28.0,2023-09-18 15:40:09+00:00,animation,Autumn
alexdefeche,"Neupre, Wallonia",28.0,2023-09-18 15:24:18+00:00,drama,Autumn
alexdefeche,"Neupre, Wallonia",28.0,2023-09-18 14:42:56+00:00,drama,Autumn
alexdefeche,"Neupre, Wallonia",28.0,2023-09-18 15:07:42+00:00,drama,Autumn
alexdefeche,"Neupre, Wallonia",28.0,2023-09-18 14:46:29+00:00,science-fiction,Autumn
alexdefeche,"Neupre, Wallonia",28.0,2023-09-18 14:59:33+00:00,family,Autumn
alexdefeche,"Neupre, Wallonia",28.0,2023-09-14 12:42:04+00:00,science-fiction,Autumn
alexdefeche,"Neupre, Wallonia",28.0,2023-09-18 15:37:24+00:00,horror,Autumn
alexdefeche,"Neupre, Wallonia",28.0,2023-09-14 07:49:18+00:00,thriller,Autumn
alexdefeche,"Neupre, Wallonia",28.0,2023-09-18 14:55:33+00:00,drama,Autumn
alexdefeche,"Neupre, Wallonia",28.0,2023-09-18 14:46:16+00:00,science-fiction,Autumn
alexdefeche,"Neupre, Wallonia",28.0,2023-09-18 15:48:52+00:00,drama,Autumn
alexdefeche,"Neupre, Wallonia",28.0,2023-09-14 13:53:24+00:00,comedy,Autumn
alexdefeche,"Neupre, Wallonia",28.0,2023-09-14 12:56:01+00:00,animation,Autumn
alexdefeche,"Neupre, Wallonia",28.0,2023-09-18 15:13:54+00:00,drama,Autumn
alexdefeche,"Neupre, Wallonia",28.0,2023-09-14 07:48:33+00:00,family,Autumn
alexdefeche,"Neupre, Wallonia",28.0,2023-09-18 14:40:50+00:00,drama,Autumn
alexdefeche,"Neupre, Wallonia",28.0,2023-09-14 12:41:23+00:00,drama,Autumn
alexdefeche,"Neupre, Wallonia",28.0,2023-09-14 13:41:10+00:00,family,Autumn
alexdefeche,"Neupre, Wallonia",28.0,2023-09-14 12:58:12+00:00,animation,Autumn
alexdefeche,"Neupre, Wallonia",28.0,2023-09-14 13:34:57+00:00,animation,Autumn
alexdefeche,"Neupre, Wallonia",28.0,2023-09-14 07:50:09+00:00,animation,Autumn
alexdefeche,"Neupre, Wallonia",28.0,2023-09-14 12:44:59+00:00,science-fiction,Autumn
alexdefeche,"Neupre, Wallonia",28.0,2023-09-18 15:27:10+00:00,drama,Autumn
alexdefeche,"Neupre, Wallonia",28.0,2023-09-18 15:44:27+00:00,animation,Autumn
alexdefeche,"Neupre, Wallonia",28.0,2023-09-18 15:35:39+00:00,drama,Autumn
alexdefeche,"Neupre, Wallonia",28.0,2023-09-18 15:33:49+00:00,animation,Autumn
alexdefeche,"Neupre, Wallonia",28.0,2023-09-18 14:41:27+00:00,science-fiction,Autumn
alexdefeche,"Neupre, Wallonia",28.0,2023-09-18 14:54:05+00:00,comedy,Autumn
alexdefeche,"Neupre, Wallonia",28.0,2023-09-14 12:57:50+00:00,animation,Autumn
alexdefeche,"Neupre, Wallonia",28.0,2023-09-14 12:58:04+00:00,animation,Autumn
alexdefeche,"Neupre, Wallonia",28.0,2023-09-14 13:34:50+00:00,animation,Autumn
alexdefeche,"Neupre, Wallonia",28.0,2023-09-14 13:30:36+00:00,drama,Autumn
alexdefeche,"Neupre, Wallonia",28.0,2023-09-18 14:47:04+00:00,drama,Autumn
alexdefeche,"Neupre, Wallonia",28.0,2023-09-14 12:49:56+00:00,animation,Autumn
alexdefeche,"Neupre, Wallonia",28.0,2023-09-18 14:45:32+00:00,comedy,Autumn
alexdefeche,"Neupre, Wallonia",28.0,2023-09-14 07:53:38+00:00,animation,Autumn
alexdefeche,"Neupre, Wallonia",28.0,2023-09-18 15:50:16+00:00,comedy,Autumn
alexdefeche,"Neupre, Wallonia",28.0,2023-09-18 14:54:01+00:00,comedy,Autumn
alexdefeche,"Neupre, Wallonia",28.0,2023-09-14 10:52:29+00:00,animation,Autumn
alexdefeche,"Neupre, Wallonia",28.0,2023-09-18 14:36:01+00:00,drama,Autumn
alexdefeche,"Neupre, Wallonia",28.0,2023-09-14 13:43:33+00:00,family,Autumn
alexdefeche,"Neupre, Wallonia",28.0,2023-09-18 14:32:28+00:00,science-fiction,Autumn
alexdefeche,"Neupre, Wallonia",28.0,2023-09-14 12:58:27+00:00,animation,Autumn
alexdefeche,"Neupre, Wallonia",28.0,2023-09-18 15:34:44+00:00,animation,Autumn
alexdefeche,"Neupre, Wallonia",28.0,2023-09-14 10:53:07+00:00,science-fiction,Autumn
alexdefeche,"Neupre, Wallonia",28.0,2023-09-14 13:55:46+00:00,comedy,Autumn
alexdefeche,"Neupre, Wallonia",28.0,2023-09-14 12:55:14+00:00,animation,Autumn
alexdefeche,"Neupre, Wallonia",28.0,2023-09-18 15:38:19+00:00,family,Autumn
alexdefeche,"Neupre, Wallonia",28.0,2023-09-18 15:39:18+00:00,thriller,Autumn
alexdefeche,"Neupre, Wallonia",28.0,2023-09-14 12:44:53+00:00,family,Autumn
alexdefeche,"Neupre, Wallonia",28.0,2023-09-18 15:14:06+00:00,science-fiction,Autumn
alexdefeche,"Neupre, Wallonia",28.0,2023-09-14 12:58:01+00:00,animation,Autumn
alexdefeche,"Neupre, Wallonia",28.0,2023-09-18 15:20:54+00:00,family,Autumn
alexdefeche,"Neupre, Wallonia",28.0,2023-09-14 12:39:08+00:00,animation,Autumn
alexdefeche,"Neupre, Wallonia",28.0,2023-09-14 13:39:38+00:00,animation,Autumn
alexdefeche,"Neupre, Wallonia",28.0,2023-09-14 13:39:40+00:00,animation,Autumn
alexdefeche,"Neupre, Wallonia",28.0,2023-09-14 13:36:55+00:00,animation,Autumn
alexdefeche,"Neupre, Wallonia",28.0,2023-09-14 13:36:07+00:00,drama,Autumn
alexdefeche,"Neupre, Wallonia",28.0,2023-09-14 13:50:18+00:00,horror,Autumn
alexdefeche,"Neupre, Wallonia",28.0,2023-09-18 14:52:11+00:00,animation,Autumn
alexdefeche,"Neupre, Wallonia",28.0,2023-09-18 15:21:04+00:00,animation,Autumn
alexdefeche,"Neupre, Wallonia",28.0,2023-09-14 12:41:17+00:00,science-fiction,Autumn
alexdefeche,"Neupre, Wallonia",28.0,2023-09-14 12:53:22+00:00,family,Autumn
alexdefeche,"Neupre, Wallonia",28.0,2023-09-18 15:35:11+00:00,animation,Autumn
alexdefeche,"Neupre, Wallonia",28.0,2023-09-14 12:43:58+00:00,animation,Autumn
alexdefeche,"Neupre, Wallonia",28.0,2023-09-14 10:50:41+00:00,animation,Autumn
alexdefeche,"Neupre, Wallonia",28.0,2023-09-18 15:47:10+00:00,adventure,Autumn
alexdefeche,"Neupre, Wallonia",28.0,2023-09-18 15:40:59+00:00,animation,Autumn
alexdefeche,"Neupre, Wallonia",28.0,2023-09-18 15:50:01+00:00,drama,Autumn
alexdefeche,"Neupre, Wallonia",28.0,2023-09-18 15:08:27+00:00,drama,Autumn
alexdefeche,"Neupre, Wallonia",28.0,2023-09-18 14:33:27+00:00,family,Autumn
alexdefeche,"Neupre, Wallonia",28.0,2023-09-18 14:49:14+00:00,animation,Autumn
alexdefeche,"Neupre, Wallonia",28.0,2023-09-18 15:33:17+00:00,science-fiction,Autumn
alexdefeche,"Neupre, Wallonia",28.0,2023-09-14 13:37:36+00:00,family,Autumn
alexdefeche,"Neupre, Wallonia",28.0,2023-09-18 15:12:07+00:00,drama,Autumn
alexdefeche,"Neupre, Wallonia",28.0,2023-09-18 15:42:04+00:00,animation,Autumn
alexdefeche,"Neupre, Wallonia",28.0,2023-09-14 10:52:05+00:00,adventure,Autumn
alexdefeche,"Neupre, Wallonia",28.0,2023-09-14 12:44:17+00:00,animation,Autumn
alexdefeche,"Neupre, Wallonia",28.0,2023-09-18 15:31:45+00:00,drama,Autumn
alexdefeche,"Neupre, Wallonia",28.0,2023-09-18 15:17:48+00:00,animation,Autumn
alexdefeche,"Neupre, Wallonia",28.0,2023-09-14 13:52:11+00:00,animation,Autumn
alexdefeche,"Neupre, Wallonia",28.0,2023-09-14 13:28:13+00:00,horror,Autumn
alexdefeche,"Neupre, Wallonia",28.0,2023-09-18 14:36:22+00:00,family,Autumn
alexdefeche,"Neupre, Wallonia",28.0,2023-09-18 14:56:46+00:00,drama,Autumn
alexdefeche,"Neupre, Wallonia",28.0,2023-09-18 15:01:09+00:00,animation,Autumn
alexdefeche,"Neupre, Wallonia",28.0,2023-09-18 15:09:49+00:00,animation,Autumn
alexdefeche,"Neupre, Wallonia",28.0,2023-09-14 13:52:44+00:00,family,Autumn
alexdefeche,"Neupre, Wallonia",28.0,2023-09-14 13:35:47+00:00,science-fiction,Autumn
alexdefeche,"Neupre, Wallonia",28.0,2023-09-18 15:18:59+00:00,animation,Autumn
alexdefeche,"Neupre, Wallonia",28.0,2023-09-18 15:10:28+00:00,animation,Autumn
alexdefeche,"Neupre, Wallonia",28.0,2023-09-18 15:35:14+00:00,animation,Autumn
alexdefeche,"Neupre, Wallonia",28.0,2023-09-18 14:40:31+00:00,drama,Autumn
alexdefeche,"Neupre, Wallonia",28.0,2023-09-14 13:41:53+00:00,family,Autumn
alexdefeche,"Neupre, Wallonia",28.0,2023-09-18 15:21:09+00:00,animation,Autumn
alexdefeche,"Neupre, Wallonia",28.0,2023-09-14 12:57:57+00:00,animation,Autumn
alexdefeche,"Neupre, Wallonia",28.0,2023-09-18 15:09:27+00:00,animation,Autumn
alexdefeche,"Neupre, Wallonia",28.0,2023-09-18 15:40:31+00:00,drama,Autumn
alexdefeche,"Neupre, Wallonia",28.0,2023-09-18 15:41:45+00:00,animation,Autumn
alexdefeche,"Neupre, Wallonia",28.0,2023-09-18 14:33:43+00:00,comedy,Autumn
alexdefeche,"Neupre, Wallonia",28.0,2023-09-14 13:28:15+00:00,horror,Autumn
alexdefeche,"Neupre, Wallonia",28.0,2023-09-14 13:28:17+00:00,horror,Autumn
alexdefeche,"Neupre, Wallonia",28.0,2023-09-14 13:43:01+00:00,animation,Autumn
alexdefeche,"Neupre, Wallonia",28.0,2023-09-14 12:57:24+00:00,animation,Autumn
alexdefeche,"Neupre, Wallonia",28.0,2023-09-14 13:28:25+00:00,horror,Autumn
alexdefeche,"Neupre, Wallonia",28.0,2023-09-18 15:02:38+00:00,family,Autumn
alexdefeche,"Neupre, Wallonia",28.0,2023-09-18 15:41:42+00:00,animation,Autumn
alexdefeche,"Neupre, Wallonia",28.0,2023-09-18 15:16:19+00:00,drama,Autumn
alexdefeche,"Neupre, Wallonia",28.0,2023-09-14 13:53:50+00:00,animation,Autumn
alexdefeche,"Neupre, Wallonia",28.0,2023-09-14 07:48:50+00:00,animation,Autumn
alexdefeche,"Neupre, Wallonia",28.0,2023-09-14 13:55:04+00:00,comedy,Autumn
alexdefeche,"Neupre, Wallonia",28.0,2023-09-18 15:32:15+00:00,horror,Autumn
alexdefeche,"Neupre, Wallonia",28.0,2023-09-14 12:58:17+00:00,animation,Autumn
alexdefeche,"Neupre, Wallonia",28.0,2023-09-18 14:55:53+00:00,comedy,Autumn
alexdefeche,"Neupre, Wallonia",28.0,2023-09-18 15:24:41+00:00,drama,Autumn
alexdefeche,"Neupre, Wallonia",28.0,2023-09-14 07:51:26+00:00,family,Autumn
alexdefeche,"Neupre, Wallonia",28.0,2023-09-18 15:45:58+00:00,comedy,Autumn
alexdefeche,"Neupre, Wallonia",28.0,2023-09-18 15:26:10+00:00,animation,Autumn
alexdefeche,"Neupre, Wallonia",28.0,2023-09-18 14:50:13+00:00,family,Autumn
alexdefeche,"Neupre, Wallonia",28.0,2023-09-14 13:37:32+00:00,family,Autumn
alexdefeche,"Neupre, Wallonia",28.0,2023-09-18 14:58:55+00:00,drama,Autumn
alexdefeche,"Neupre, Wallonia",28.0,2023-09-14 12:56:13+00:00,animation,Autumn
alexdefeche,"Neupre, Wallonia",28.0,2023-09-18 14:40:36+00:00,drama,Autumn
alexdefeche,"Neupre, Wallonia",28.0,2023-09-18 15:50:29+00:00,adventure,Autumn
alexdefeche,"Neupre, Wallonia",28.0,2023-09-14 13:28:22+00:00,horror,Autumn
alexdefeche,"Neupre, Wallonia",28.0,2023-09-18 14:40:00+00:00,animation,Autumn
alexdefeche,"Neupre, Wallonia",28.0,2023-09-18 14:54:08+00:00,family,Autumn
alexdefeche,"Neupre, Wallonia",28.0,2023-09-18 15:37:37+00:00,drama,Autumn
alexdefeche,"Neupre, Wallonia",28.0,2023-09-14 07:52:41+00:00,animation,Autumn
alexdefeche,"Neupre, Wallonia",28.0,2023-09-18 15:06:51+00:00,animation,Autumn
alexdefeche,"Neupre, Wallonia",28.0,2023-09-18 15:01:22+00:00,animation,Autumn
alexdefeche,"Neupre, Wallonia",28.0,2023-09-14 13:37:20+00:00,animation,Autumn
alexdefeche,"Neupre, Wallonia",28.0,2023-09-14 10:54:02+00:00,family,Autumn
alexdefeche,"Neupre, Wallonia",28.0,2023-09-14 07:47:03+00:00,adventure,Autumn
alexdefeche,"Neupre, Wallonia",28.0,2023-09-14 10:50:30+00:00,adventure,Autumn
alexdefeche,"Neupre, Wallonia",28.0,2023-09-18 15:31:49+00:00,animation,Autumn
alexdefeche,"Neupre, Wallonia",28.0,2023-09-18 14:38:31+00:00,drama,Autumn
alexdefeche,"Neupre, Wallonia",28.0,2023-09-18 15:49:47+00:00,comedy,Autumn
alexdefeche,"Neupre, Wallonia",28.0,2023-09-18 15:25:59+00:00,drama,Autumn
alexdefeche,"Neupre, Wallonia",28.0,2023-09-14 13:34:36+00:00,horror,Autumn
alexdefeche,"Neupre, Wallonia",28.0,2023-09-14 13:40:01+00:00,comedy,Autumn
alexdefeche,"Neupre, Wallonia",28.0,2023-09-14 13:38:36+00:00,animation,Autumn
alexdefeche,"Neupre, Wallonia",28.0,2023-09-18 14:31:58+00:00,animation,Autumn
alexdefeche,"Neupre, Wallonia",28.0,2023-09-18 14:40:34+00:00,drama,Autumn
alexdefeche,"Neupre, Wallonia",28.0,2023-09-14 07:51:49+00:00,animation,Autumn
alexdefeche,"Neupre, Wallonia",28.0,2023-09-18 15:21:58+00:00,animation,Autumn
alexdefeche,"Neupre, Wallonia",28.0,2023-09-18 15:10:47+00:00,animation,Autumn
alexdefeche,"Neupre, Wallonia",28.0,2023-09-18 15:49:14+00:00,drama,Autumn
alexdefeche,"Neupre, Wallonia",28.0,2023-09-14 13:43:09+00:00,animation,Autumn
alexdefeche,"Neupre, Wallonia",28.0,2023-09-14 12:41:20+00:00,animation,Autumn
alexdefeche,"Neupre, Wallonia",28.0,2023-09-14 13:51:42+00:00,comedy,Autumn
alexdefeche,"Neupre, Wallonia",28.0,2023-09-18 15:18:41+00:00,animation,Autumn
alexdefeche,"Neupre, Wallonia",28.0,2023-09-18 15:23:50+00:00,drama,Autumn
alexdefeche,"Neupre, Wallonia",28.0,2023-09-18 15:26:27+00:00,drama,Autumn
alexdefeche,"Neupre, Wallonia",28.0,2023-09-18 15:33:53+00:00,animation,Autumn
alexdefeche,"Neupre, Wallonia",28.0,2023-09-14 13:44:44+00:00,comedy,Autumn
alexdefeche,"Neupre, Wallonia",28.0,2023-09-18 15:43:31+00:00,drama,Autumn
alexdefeche,"Neupre, Wallonia",28.0,2023-09-14 13:34:20+00:00,drama,Autumn
alexdefeche,"Neupre, Wallonia",28.0,2023-09-18 15:28:17+00:00,horror,Autumn
alexdefeche,"Neupre, Wallonia",28.0,2023-09-14 12:54:31+00:00,drama,Autumn
alexdefeche,"Neupre, Wallonia",28.0,2023-09-18 15:36:14+00:00,animation,Autumn
alexdefeche,"Neupre, Wallonia",28.0,2023-09-14 13:42:09+00:00,comedy,Autumn
alexdefeche,"Neupre, Wallonia",28.0,2023-09-18 15:19:59+00:00,drama,Autumn
alexdefeche,"Neupre, Wallonia",28.0,2023-09-14 12:39:59+00:00,animation,Autumn
alexdefeche,"Neupre, Wallonia",28.0,2023-09-14 13:50:40+00:00,thriller,Autumn
alexdefeche,"Neupre, Wallonia",28.0,2023-09-14 13:50:44+00:00,thriller,Autumn
alexdefeche,"Neupre, Wallonia",28.0,2023-09-18 15:09:53+00:00,animation,Autumn
alexdefeche,"Neupre, Wallonia",28.0,2023-09-14 12:45:04+00:00,family,Autumn
alexdefeche,"Neupre, Wallonia",28.0,2023-09-14 10:51:24+00:00,thriller,Autumn
alexdefeche,"Neupre, Wallonia",28.0,2023-09-18 15:03:06+00:00,comedy,Autumn
alexdefeche,"Neupre, Wallonia",28.0,2023-09-18 15:03:08+00:00,adventure,Autumn
alexdefeche,"Neupre, Wallonia",28.0,2023-09-18 15:03:15+00:00,anime,Autumn
alexdefeche,"Neupre, Wallonia",28.0,2023-09-18 15:47:49+00:00,comedy,Autumn
alexdefeche,"Neupre, Wallonia",28.0,2023-09-14 13:42:51+00:00,comedy,Autumn
alexdefeche,"Neupre, Wallonia",28.0,2023-09-18 15:07:13+00:00,drama,Autumn
alexdefeche,"Neupre, Wallonia",28.0,2023-09-14 13:30:04+00:00,animation,Autumn
alexdefeche,"Neupre, Wallonia",28.0,2023-09-18 15:43:15+00:00,adventure,Autumn
alexdefeche,"Neupre, Wallonia",28.0,2023-09-14 07:49:03+00:00,drama,Autumn
alexdefeche,"Neupre, Wallonia",28.0,2023-09-18 14:49:02+00:00,animation,Autumn
alexdefeche,"Neupre, Wallonia",28.0,2023-09-18 15:47:00+00:00,drama,Autumn
alexdefeche,"Neupre, Wallonia",28.0,2023-09-18 15:05:42+00:00,family,Autumn
alexdefeche,"Neupre, Wallonia",28.0,2023-09-18 15:03:11+00:00,adventure,Autumn
alexdefeche,"Neupre, Wallonia",28.0,2023-09-14 13:43:51+00:00,comedy,Autumn
alexdefeche,"Neupre, Wallonia",28.0,2023-09-14 13:50:46+00:00,science-fiction,Autumn
alexdefeche,"Neupre, Wallonia",28.0,2023-09-14 10:51:39+00:00,animation,Autumn
alexdefeche,"Neupre, Wallonia",28.0,2023-09-18 14:52:52+00:00,science-fiction,Autumn
alexdefeche,"Neupre, Wallonia",28.0,2023-09-18 15:03:01+00:00,anime,Autumn
alexdefeche,"Neupre, Wallonia",28.0,2023-09-18 15:06:35+00:00,drama,Autumn
alexdefeche,"Neupre, Wallonia",28.0,2023-09-18 14:47:38+00:00,animation,Autumn
alexdefeche,"Neupre, Wallonia",28.0,2023-09-18 14:33:49+00:00,comedy,Autumn
alexdefeche,"Neupre, Wallonia",28.0,2023-09-18 14:47:57+00:00,comedy,Autumn
alexdefeche,"Neupre, Wallonia",28.0,2023-09-18 15:16:54+00:00,adventure,Autumn
alexdefeche,"Neupre, Wallonia",28.0,2023-09-14 07:45:54+00:00,science-fiction,Autumn
alexdefeche,"Neupre, Wallonia",28.0,2023-09-18 15:25:05+00:00,drama,Autumn
alexdefeche,"Neupre, Wallonia",28.0,2023-09-14 13:56:35+00:00,thriller,Autumn
alexdefeche,"Neupre, Wallonia",28.0,2023-09-18 15:43:44+00:00,comedy,Autumn
alexdefeche,"Neupre, Wallonia",28.0,2023-09-18 15:03:56+00:00,comedy,Autumn
alexdefeche,"Neupre, Wallonia",28.0,2023-09-18 14:39:34+00:00,drama,Autumn
alexdefeche,"Neupre, Wallonia",28.0,2023-09-18 14:35:22+00:00,comedy,Autumn
alexdefeche,"Neupre, Wallonia",28.0,2023-09-18 14:35:19+00:00,comedy,Autumn
alexdefeche,"Neupre, Wallonia",28.0,2023-09-18 14:35:25+00:00,family,Autumn
alexdefeche,"Neupre, Wallonia",28.0,2023-09-18 14:35:14+00:00,comedy,Autumn
alexdefeche,"Neupre, Wallonia",28.0,2023-09-18 14:53:50+00:00,comedy,Autumn
alexdefeche,"Neupre, Wallonia",28.0,2023-09-18 15:15:01+00:00,comedy,Autumn
alexdefeche,"Neupre, Wallonia",28.0,2023-09-18 14:33:46+00:00,comedy,Autumn
alexdefeche,"Neupre, Wallonia",28.0,2023-09-18 15:02:42+00:00,family,Autumn
alexdefeche,"Neupre, Wallonia",28.0,2023-09-18 15:13:11+00:00,drama,Autumn
alexdefeche,"Neupre, Wallonia",28.0,2023-09-18 15:03:18+00:00,drama,Autumn
alexdefeche,"Neupre, Wallonia",28.0,2023-09-18 15:21:56+00:00,drama,Autumn
alexdefeche,"Neupre, Wallonia",28.0,2023-09-18 14:54:46+00:00,comedy,Autumn
alexdefeche,"Neupre, Wallonia",28.0,2023-09-18 14:31:22+00:00,comedy,Autumn
alexdefeche,"Neupre, Wallonia",28.0,2023-09-14 12:54:40+00:00,adventure,Autumn
alexdefeche,"Neupre, Wallonia",28.0,2023-09-14 13:40:04+00:00,comedy,Autumn
alexdefeche,"Neupre, Wallonia",28.0,2023-09-14 10:51:57+00:00,animation,Autumn
alexdefeche,"Neupre, Wallonia",28.0,2023-09-18 15:08:37+00:00,science-fiction,Autumn
alexdefeche,"Neupre, Wallonia",28.0,2023-09-18 14:58:06+00:00,science-fiction,Autumn
alexdefeche,"Neupre, Wallonia",28.0,2023-09-18 15:46:15+00:00,comedy,Autumn
alexdefeche,"Neupre, Wallonia",28.0,2023-09-18 15:42:20+00:00,drama,Autumn
alexdefeche,"Neupre, Wallonia",28.0,2023-09-14 13:53:35+00:00,drama,Autumn
alexdefeche,"Neupre, Wallonia",28.0,2023-09-18 15:33:29+00:00,comedy,Autumn
alexdefeche,"Neupre, Wallonia",28.0,2023-09-14 12:42:42+00:00,horror,Autumn
alexdefeche,"Neupre, Wallonia",28.0,2023-09-18 14:41:56+00:00,drama,Autumn
alexdefeche,"Neupre, Wallonia",28.0,2023-09-18 14:38:17+00:00,comedy,Autumn
alexdefeche,"Neupre, Wallonia",28.0,2023-09-14 12:53:08+00:00,adventure,Autumn
alexdefeche,"Neupre, Wallonia",28.0,2023-09-18 15:31:15+00:00,drama,Autumn
alexdefeche,"Neupre, Wallonia",28.0,2023-09-18 15:03:21+00:00,adventure,Autumn
alexdefeche,"Neupre, Wallonia",28.0,2023-09-14 13:42:40+00:00,drama,Autumn
alexdefeche,"Neupre, Wallonia",28.0,2023-09-14 13:51:01+00:00,thriller,Autumn
alexdefeche,"Neupre, Wallonia",28.0,2023-09-18 14:53:06+00:00,science-fiction,Autumn
alexdefeche,"Neupre, Wallonia",28.0,2023-09-18 14:36:38+00:00,drama,Autumn
alexdefeche,"Neupre, Wallonia",28.0,2023-09-18 15:06:04+00:00,comedy,Autumn
alexdefeche,"Neupre, Wallonia",28.0,2023-09-18 15:45:11+00:00,thriller,Autumn
alexdefeche,"Neupre, Wallonia",28.0,2023-09-18 14:51:59+00:00,comedy,Autumn
alexdefeche,"Neupre, Wallonia",28.0,2023-09-18 14:50:30+00:00,comedy,Autumn
alexdefeche,"Neupre, Wallonia",28.0,2023-09-18 15:06:20+00:00,drama,Autumn
alexdefeche,"Neupre, Wallonia",28.0,2023-09-14 07:47:12+00:00,adventure,Autumn
alexdefeche,"Neupre, Wallonia",28.0,2023-09-18 15:46:45+00:00,comedy,Autumn
alexdefeche,"Neupre, Wallonia",28.0,2023-09-14 12:56:04+00:00,animation,Autumn
alexdefeche,"Neupre, Wallonia",28.0,2023-09-18 14:45:47+00:00,comedy,Autumn
alexdefeche,"Neupre, Wallonia",28.0,2023-09-18 15:11:40+00:00,animation,Autumn
alexdefeche,"Neupre, Wallonia",28.0,2023-09-18 15:18:06+00:00,adventure,Autumn
alexdefeche,"Neupre, Wallonia",28.0,2023-09-18 15:11:54+00:00,comedy,Autumn
alexdefeche,"Neupre, Wallonia",28.0,2023-09-14 13:32:27+00:00,thriller,Autumn
alexdefeche,"Neupre, Wallonia",28.0,2023-09-18 14:59:46+00:00,drama,Autumn
alexdefeche,"Neupre, Wallonia",28.0,2023-09-14 12:48:18+00:00,animation,Autumn
alexdefeche,"Neupre, Wallonia",28.0,2023-09-14 12:55:21+00:00,animation,Autumn
alexdefeche,"Neupre, Wallonia",28.0,2023-09-18 14:49:57+00:00,comedy,Autumn
alexdefeche,"Neupre, Wallonia",28.0,2023-09-18 15:04:56+00:00,comedy,Autumn
alexdefeche,"Neupre, Wallonia",28.0,2023-09-18 15:44:11+00:00,music,Autumn
alexdefeche,"Neupre, Wallonia",28.0,2023-09-18 15:45:25+00:00,comedy,Autumn
alexdefeche,"Neupre, Wallonia",28.0,2023-09-14 13:43:24+00:00,musical,Autumn
alexdefeche,"Neupre, Wallonia",28.0,2023-09-14 13:51:04+00:00,thriller,Autumn
alexdefeche,"Neupre, Wallonia",28.0,2023-09-18 15:10:59+00:00,thriller,Autumn
alexdefeche,"Neupre, Wallonia",28.0,2023-09-18 14:37:28+00:00,science-fiction,Autumn
alexdefeche,"Neupre, Wallonia",28.0,2023-09-18 14:48:12+00:00,comedy,Autumn
alexdefeche,"Neupre, Wallonia",28.0,2023-09-14 13:37:51+00:00,comedy,Autumn
alexdefeche,"Neupre, Wallonia",28.0,2023-09-18 15:03:25+00:00,horror,Autumn
alexdefeche,"Neupre, Wallonia",28.0,2023-09-18 15:39:23+00:00,drama,Autumn
alexdefeche,"Neupre, Wallonia",28.0,2023-09-18 15:32:56+00:00,drama,Autumn
alexdefeche,"Neupre, Wallonia",28.0,2023-09-18 15:34:28+00:00,comedy,Autumn
alexdefeche,"Neupre, Wallonia",28.0,2023-09-18 14:48:42+00:00,comedy,Autumn
alexdefeche,"Neupre, Wallonia",28.0,2023-09-18 14:32:55+00:00,drama,Autumn
alexdefeche,"Neupre, Wallonia",28.0,2023-09-18 15:48:42+00:00,horror,Autumn
alexdefeche,"Neupre, Wallonia",28.0,2023-09-14 07:47:20+00:00,animation,Autumn
alexdefeche,"Neupre, Wallonia",28.0,2023-09-18 14:50:39+00:00,drama,Autumn
alexdefeche,"Neupre, Wallonia",28.0,2023-09-18 15:21:35+00:00,animation,Autumn
alexdefeche,"Neupre, Wallonia",28.0,2023-09-18 14:49:31+00:00,comedy,Autumn
alexdefeche,"Neupre, Wallonia",28.0,2023-09-18 14:54:35+00:00,drama,Autumn
alexdefeche,"Neupre, Wallonia",28.0,2023-09-14 12:53:48+00:00,animation,Autumn
alexdefeche,"Neupre, Wallonia",28.0,2023-09-14 13:43:37+00:00,family,Autumn
alexdefeche,"Neupre, Wallonia",28.0,2023-09-14 13:40:30+00:00,science-fiction,Autumn
alexdefeche,"Neupre, Wallonia",28.0,2023-09-18 14:55:46+00:00,family,Autumn
alexdefeche,"Neupre, Wallonia",28.0,2023-09-14 12:55:33+00:00,animation,Autumn
alexdefeche,"Neupre, Wallonia",28.0,2023-09-14 07:46:08+00:00,animation,Autumn
alexdefeche,"Neupre, Wallonia",28.0,2023-09-18 15:07:55+00:00,family,Autumn
alexdefeche,"Neupre, Wallonia",28.0,2023-09-18 15:44:01+00:00,animation,Autumn
alexdefeche,"Neupre, Wallonia",28.0,2023-09-18 14:39:23+00:00,science-fiction,Autumn
alexdefeche,"Neupre, Wallonia",28.0,2023-09-18 15:03:30+00:00,anime,Autumn
alexdefeche,"Neupre, Wallonia",28.0,2023-09-14 13:35:07+00:00,science-fiction,Autumn
alexdefeche,"Neupre, Wallonia",28.0,2023-09-18 14:39:49+00:00,comedy,Autumn
alexdefeche,"Neupre, Wallonia",28.0,2023-09-14 12:53:11+00:00,adventure,Autumn
alexdefeche,"Neupre, Wallonia",28.0,2023-09-18 15:14:21+00:00,drama,Autumn
alexdefeche,"Neupre, Wallonia",28.0,2023-09-14 12:55:38+00:00,animation,Autumn
alexdefeche,"Neupre, Wallonia",28.0,2023-09-18 15:14:32+00:00,adventure,Autumn
alexdefeche,"Neupre, Wallonia",28.0,2023-09-14 13:40:57+00:00,horror,Autumn
alexdefeche,"Neupre, Wallonia",28.0,2023-09-18 15:39:05+00:00,comedy,Autumn
alexdefeche,"Neupre, Wallonia",28.0,2023-09-18 15:25:20+00:00,horror,Autumn
alexdefeche,"Neupre, Wallonia",28.0,2023-09-14 12:56:32+00:00,science-fiction,Autumn
alexdefeche,"Neupre, Wallonia",28.0,2023-09-18 15:15:15+00:00,drama,Autumn
alexdefeche,"Neupre, Wallonia",28.0,2023-09-14 13:33:27+00:00,comedy,Autumn
alexdefeche,"Neupre, Wallonia",28.0,2023-09-14 12:54:50+00:00,drama,Autumn
alexdefeche,"Neupre, Wallonia",28.0,2023-09-14 12:55:26+00:00,drama,Autumn
alexdefeche,"Neupre, Wallonia",28.0,2023-09-18 15:36:46+00:00,drama,Autumn
alexdefeche,"Neupre, Wallonia",28.0,2023-09-14 13:31:54+00:00,comedy,Autumn
alexdefeche,"Neupre, Wallonia",28.0,2023-09-18 15:41:18+00:00,science-fiction,Autumn
alexdefeche,"Neupre, Wallonia",28.0,2023-09-18 14:51:12+00:00,history,Autumn
alexdefeche,"Neupre, Wallonia",28.0,2023-09-14 12:50:46+00:00,adventure,Autumn
alexdefeche,"Neupre, Wallonia",28.0,2023-09-14 13:28:29+00:00,horror,Autumn
alexdefeche,"Neupre, Wallonia",28.0,2023-09-14 12:58:31+00:00,animation,Autumn
alexdefeche,"Neupre, Wallonia",28.0,2023-09-14 13:38:15+00:00,animation,Autumn
alexdefeche,"Neupre, Wallonia",28.0,2023-09-18 15:05:45+00:00,family,Autumn
alexdefeche,"Neupre, Wallonia",28.0,2023-09-14 10:50:34+00:00,science-fiction,Autumn
alexdefeche,"Neupre, Wallonia",28.0,2023-09-14 10:52:16+00:00,science-fiction,Autumn
alexdefeche,"Neupre, Wallonia",28.0,2023-09-18 14:56:26+00:00,comedy,Autumn
alexdefeche,"Neupre, Wallonia",28.0,2023-09-18 15:10:14+00:00,comedy,Autumn
alexdefeche,"Neupre, Wallonia",28.0,2023-09-18 15:10:07+00:00,comedy,Autumn
alexdefeche,"Neupre, Wallonia",28.0,2023-09-18 15:23:07+00:00,drama,Autumn
alexdefeche,"Neupre, Wallonia",28.0,2023-09-18 15:32:34+00:00,thriller,Autumn
alexdefeche,"Neupre, Wallonia",28.0,2023-09-14 07:46:17+00:00,animation,Autumn
alexdefeche,"Neupre, Wallonia",28.0,2023-09-18 15:14:35+00:00,drama,Autumn
alexdefeche,"Neupre, Wallonia",28.0,2023-09-18 15:14:37+00:00,drama,Autumn
alexdefeche,"Neupre, Wallonia",28.0,2023-09-18 14:43:11+00:00,comedy,Autumn
alexdefeche,"Neupre, Wallonia",28.0,2023-09-18 14:49:46+00:00,comedy,Autumn
alexdefeche,"Neupre, Wallonia",28.0,2023-09-14 07:52:53+00:00,music,Autumn
alexdefeche,"Neupre, Wallonia",28.0,2023-09-18 14:37:37+00:00,science-fiction,Autumn
alexdefeche,"Neupre, Wallonia",28.0,2023-09-18 15:36:11+00:00,animation,Autumn
alexdefeche,"Neupre, Wallonia",28.0,2023-09-14 10:51:20+00:00,adventure,Autumn
alexdefeche,"Neupre, Wallonia",28.0,2023-09-14 12:55:46+00:00,animation,Autumn
alexdefeche,"Neupre, Wallonia",28.0,2023-09-18 15:17:24+00:00,comedy,Autumn
alexdefeche,"Neupre, Wallonia",28.0,2023-09-18 15:44:57+00:00,drama,Autumn
alexdefeche,"Neupre, Wallonia",28.0,2023-09-14 07:46:55+00:00,animation,Autumn
alexdefeche,"Neupre, Wallonia",28.0,2023-09-14 07:46:02+00:00,animation,Autumn
alexdefeche,"Neupre, Wallonia",28.0,2023-09-18 15:33:45+00:00,drama,Autumn
alexdefeche,"Neupre, Wallonia",28.0,2023-09-18 15:05:10+00:00,comedy,Autumn
alexdefeche,"Neupre, Wallonia",28.0,2023-09-18 15:19:20+00:00,comedy,Autumn
alexdefeche,"Neupre, Wallonia",28.0,2023-09-14 10:51:03+00:00,science-fiction,Autumn
alexdefeche,"Neupre, Wallonia",28.0,2023-09-18 15:24:04+00:00,drama,Autumn
alexdefeche,"Neupre, Wallonia",28.0,2023-09-14 13:40:48+00:00,science-fiction,Autumn
alexdefeche,"Neupre, Wallonia",28.0,2023-09-14 12:38:04+00:00,animation,Autumn
alexdefeche,"Neupre, Wallonia",28.0,2023-09-18 14:35:33+00:00,comedy,Autumn
alexdefeche,"Neupre, Wallonia",28.0,2023-09-18 15:03:33+00:00,anime,Autumn
alexdefeche,"Neupre, Wallonia",28.0,2023-09-14 12:53:52+00:00,animation,Autumn
alexdefeche,"Neupre, Wallonia",28.0,2023-09-14 10:51:10+00:00,science-fiction,Autumn
alexdefeche,"Neupre, Wallonia",28.0,2023-09-18 15:12:54+00:00,science-fiction,Autumn
alexdefeche,"Neupre, Wallonia",28.0,2023-09-18 15:02:22+00:00,drama,Autumn
alexdefeche,"Neupre, Wallonia",28.0,2023-09-18 15:01:12+00:00,drama,Autumn
alexdefeche,"Neupre, Wallonia",28.0,2023-09-14 10:53:00+00:00,comedy,Autumn
alexdefeche,"Neupre, Wallonia",28.0,2023-09-14 12:42:29+00:00,adventure,Autumn
alexdefeche,"Neupre, Wallonia",28.0,2023-09-14 07:47:45+00:00,science-fiction,Autumn
alexdefeche,"Neupre, Wallonia",28.0,2023-09-18 14:38:45+00:00,music,Autumn
alexdefeche,"Neupre, Wallonia",28.0,2023-09-14 10:50:16+00:00,animation,Autumn
alexdefeche,"Neupre, Wallonia",28.0,2023-09-14 07:48:11+00:00,drama,Autumn
alexdefeche,"Neupre, Wallonia",28.0,2023-09-18 15:45:29+00:00,comedy,Autumn
alexdefeche,"Neupre, Wallonia",28.0,2023-09-18 14:44:27+00:00,family,Autumn
alexdefeche,"Neupre, Wallonia",28.0,2023-09-14 13:28:36+00:00,horror,Autumn
alexdefeche,"Neupre, Wallonia",28.0,2023-09-14 07:30:31+00:00,comedy,Autumn
alexdefeche,"Neupre, Wallonia",28.0,2023-09-18 15:27:26+00:00,thriller,Autumn
alexdefeche,"Neupre, Wallonia",28.0,2023-09-14 12:43:00+00:00,animation,Autumn
alexdefeche,"Neupre, Wallonia",28.0,2023-09-18 14:37:12+00:00,horror,Autumn
alexdefeche,"Neupre, Wallonia",28.0,2023-09-14 13:35:27+00:00,comedy,Autumn
alexdefeche,"Neupre, Wallonia",28.0,2023-09-18 14:37:24+00:00,science-fiction,Autumn
alexdefeche,"Neupre, Wallonia",28.0,2023-09-14 10:52:52+00:00,adventure,Autumn
alexdefeche,"Neupre, Wallonia",28.0,2023-09-14 10:51:49+00:00,drama,Autumn
alexdefeche,"Neupre, Wallonia",28.0,2023-09-18 14:45:51+00:00,comedy,Autumn
alexdefeche,"Neupre, Wallonia",28.0,2024-05-04 18:51:10+00:00,drama,Spring
alexdefeche,"Neupre, Wallonia",28.0,2023-09-18 15:07:31+00:00,thriller,Autumn
alexdefeche,"Neupre, Wallonia",28.0,2023-09-18 15:01:37+00:00,adventure,Autumn
alexdefeche,"Neupre, Wallonia",28.0,2023-09-18 15:48:26+00:00,horror,Autumn
alexdefeche,"Neupre, Wallonia",28.0,2023-09-14 12:55:52+00:00,animation,Autumn
alexdefeche,"Neupre, Wallonia",28.0,2023-09-14 07:48:04+00:00,animation,Autumn
alexdefeche,"Neupre, Wallonia",28.0,2023-09-18 14:54:58+00:00,animation,Autumn
alexdefeche,"Neupre, Wallonia",28.0,2023-09-18 15:41:30+00:00,animation,Autumn
alexdefeche,"Neupre, Wallonia",28.0,2023-09-18 15:38:03+00:00,comedy,Autumn
alexdefeche,"Neupre, Wallonia",28.0,2023-09-18 14:37:41+00:00,science-fiction,Autumn
alexdefeche,"Neupre, Wallonia",28.0,2023-09-14 12:43:29+00:00,animation,Autumn
alexdefeche,"Neupre, Wallonia",28.0,2023-09-18 15:39:48+00:00,thriller,Autumn
alexdefeche,"Neupre, Wallonia",28.0,2023-09-18 15:49:30+00:00,family,Autumn
alexdefeche,"Neupre, Wallonia",28.0,2023-09-14 07:48:36+00:00,animation,Autumn
alexdefeche,"Neupre, Wallonia",28.0,2023-09-18 14:46:50+00:00,comedy,Autumn
alexdefeche,"Neupre, Wallonia",28.0,2023-09-18 15:01:50+00:00,adventure,Autumn
alexdefeche,"Neupre, Wallonia",28.0,2023-09-18 15:14:40+00:00,drama,Autumn
alexdefeche,"Neupre, Wallonia",28.0,2023-09-14 13:51:56+00:00,thriller,Autumn
alexdefeche,"Neupre, Wallonia",28.0,2023-09-14 13:32:10+00:00,drama,Autumn
alexdefeche,"Neupre, Wallonia",28.0,2023-09-18 15:14:43+00:00,drama,Autumn
alexdefeche,"Neupre, Wallonia",28.0,2023-09-18 14:37:31+00:00,comedy,Autumn
alexdefeche,"Neupre, Wallonia",28.0,2023-09-14 13:36:27+00:00,animation,Autumn
alexdefeche,"Neupre, Wallonia",28.0,2024-05-09 18:11:34+00:00,animation,Spring
alexdefeche,"Neupre, Wallonia",28.0,2024-05-01 13:00:00+00:00,drama,Spring
yaktastic137,"Stadthagen, Lower Saxony",28.0,2023-09-03 16:55:48+00:00,animation,Autumn
yaktastic137,"Stadthagen, Lower Saxony",28.0,2023-08-22 19:27:26+00:00,family,Summer
yaktastic137,"Stadthagen, Lower Saxony",28.0,2023-08-20 10:51:01+00:00,comedy,Summer
yaktastic137,"Stadthagen, Lower Saxony",28.0,2023-09-02 19:50:01+00:00,thriller,Autumn
yaktastic137,"Stadthagen, Lower Saxony",28.0,2023-09-01 22:42:52+00:00,comedy,Autumn
yaktastic137,"Stadthagen, Lower Saxony",28.0,2023-12-29 20:30:16+00:00,science-fiction,Winter
yaktastic137,"Stadthagen, Lower Saxony",28.0,2023-08-26 23:05:37+00:00,family,Summer
yaktastic137,"Stadthagen, Lower Saxony",28.0,2023-08-27 18:06:17+00:00,animation,Summer
yaktastic137,"Stadthagen, Lower Saxony",28.0,2023-08-19 09:37:29+00:00,horror,Summer
yaktastic137,"Stadthagen, Lower Saxony",28.0,2023-10-14 17:44:19+00:00,comedy,Autumn
yaktastic137,"Stadthagen, Lower Saxony",28.0,2023-08-27 12:29:07+00:00,comedy,Summer
yaktastic137,"Stadthagen, Lower Saxony",28.0,2023-09-23 19:50:51+00:00,thriller,Autumn
yaktastic137,"Stadthagen, Lower Saxony",28.0,2023-08-27 15:20:49+00:00,animation,Summer
yaktastic137,"Stadthagen, Lower Saxony",28.0,2023-08-26 16:30:35+00:00,comedy,Summer
yaktastic137,"Stadthagen, Lower Saxony",28.0,2023-08-26 13:02:14+00:00,thriller,Summer
yaktastic137,"Stadthagen, Lower Saxony",28.0,2023-10-15 09:58:24+00:00,comedy,Autumn
yaktastic137,"Stadthagen, Lower Saxony",28.0,2023-08-19 16:31:57+00:00,family,Summer
yaktastic137,"Stadthagen, Lower Saxony",28.0,2023-08-23 19:43:56+00:00,science-fiction,Summer
yaktastic137,"Stadthagen, Lower Saxony",28.0,2023-08-19 12:49:59+00:00,science-fiction,Summer
yaktastic137,"Stadthagen, Lower Saxony",28.0,2023-08-28 18:24:38+00:00,documentary,Summer
yaktastic137,"Stadthagen, Lower Saxony",28.0,2023-12-24 21:47:34+00:00,thriller,Winter
